"Ano","Sexo","Índice de Envelhecimento"
"2010","Homens",12.6371793853728
"2010","Mulheres",13.0189612530915
"2022","Homens",22.5527890471014
"2022","Mulheres",25.045130113589
