"Ano","População Homens","População Mulheres","População Total","Razão de Sexo"
2010,368324,365235,733559,100.845756841486
2022,415332,414686,830018,100.155780518272
