"Ano","Índice de Myers"
2010,6.10164962872789
2022,4.51455269644755
